Realisation number,AIC fold,AIC hopf,AIC null
1,1.3634960274953629e-24,1.0,1.1457972945831258e-25
1,1.6878350300097658e-12,0.9999999999983122,5.299061085856302e-17
2,5.066182517729114e-44,1.0,2.0619216816343923e-44
2,1.6694652789399752e-15,0.9999999999999982,1.9633281266625492e-17
