Realisation number,AIC fold,AIC hopf,AIC null
1,7.61994203975446e-45,1.0,4.147913549088582e-45
2,5.473540083994293e-16,0.9999999999999996,1.3620600412971888e-17
