Realisation number,Variable,index,Lag-2 AC,Smax,Lag-10 AC,Lag-1 AC,Standard deviation,Coefficient of variation,Variance,Skewness,Kurtosis
1,Chlorella,0,-0.947787019610224,0.6023391812865496,-0.4992410904013114,-0.9069880395847248,0.6737295853317953,0.6427660737053004,0.6737295853317953,-0.022038734745917072,0.5718535608038371
1,Brachionus,0,-0.9175520611984702,-0.8362573099415204,0.0437739056523587,-0.9046809544047114,-0.1639851860846336,-0.5134478780887621,-0.1639851860846336,0.7055430757088216,0.8162831643494628
2,Chlorella,0,-0.7748770566450125,0.48538011695906425,0.596502944569243,-0.7949122700503917,-0.14394997267925447,-0.4177645558861029,-0.14394997267925447,0.41642887499241094,-0.45419221662315595
2,Brachionus,0,-0.5456256450731589,-0.43859649122807015,0.8236901220326636,-0.7181713314310001,-0.7010503308845851,-0.8909598688604214,-0.7010503308845851,-0.26501123186206066,-0.4626920041284683
