Realisation number,Variable,index,Lag-2 AC,Smax,Lag-10 AC,Lag-1 AC,Standard deviation,Coefficient of variation,Variance,Skewness,Kurtosis
1,Chlorella,0,-0.8232044198895028,0.6959064327485379,-0.34806629834254144,-0.7635844818165262,0.4248072369619331,0.23052637969765044,0.4248072369619331,-0.1922773359237448,-0.6495659037095501
1,Brachionus,0,-0.7609131200291422,-0.6608187134502924,-0.7236354805415579,-0.7426992896606157,-0.7624916519944146,-0.9255661465606219,-0.7624916519944146,-0.16349948394147293,0.06174488494930484
2,Chlorella,0,-0.7397850768016514,0.9064327485380117,0.6977718414182503,-0.5342116447088824,0.9565296581871168,0.9407443385343939,0.9565296581871168,0.6944933519519156,-0.1406714832129197
2,Brachionus,0,-0.7469491834132719,0.6842105263157894,0.6551514783558983,-0.3829154271143222,0.29876753081172974,0.004189180984761095,0.29876753081172974,-0.3891081294396212,-0.7949122700503917
